uiawqpsmuq.csagub.top/,None,钓鱼网站
g36cct.erect4hours.com,None,钓鱼网站
ujqfsoulnn.lirlcj.top/,None,钓鱼网站
app.uj2ij.cn,None,钓鱼网站
hshh.43131.xyz,None,钓鱼网站
932761.cc/#,None,钓鱼网站
ma.skurak.top,None,钓鱼网站
app.plhmx47.cn,None,钓鱼网站
fijwamreoy.cbrsda.top/,,钓鱼网站
053.72674.top,None,钓鱼网站
mvvi.57182.top,None,钓鱼网站
702.35476.top,,钓鱼网站
www.nuithngwo3iurhnfu3r.com,None,钓鱼网站
jyqhvlgheq.jcdfbv.top/,None,钓鱼网站
vvjlkvjsyud986sdlkjsdf.fatecomestoyou.website:5012,None,钓鱼网站
b31f6ba4c31ede69d54a25e5a4f22e0f.rangwofuba.shop,,钓鱼网站
mkxxxw.top/1589s,None,钓鱼网站
542.26614.top,None,钓鱼网站
27889.vip,None,钓鱼网站
dywtrpceaa.6if62k.com/,None,钓鱼网站
app.rongshengkonggu4999.live,None,钓鱼网站
www.oewcvxs.top/,None,钓鱼网站
a.youhuzy.com,None,钓鱼网站
h5.qianpaimcnapp2777.live,None,钓鱼网站
bwcrcpjtno.yodnpb.top,None,钓鱼网站
86yt.cc,None,钓鱼网站
app.saiyi1666.live:443/,None,钓鱼网站
download.toomzqyq.com:443/#,None,钓鱼网站
kbhjiduyf87683hgjh3hhfsdf.mixeddownload.top:3034,None,钓鱼网站
pmnwecuxwan1117.com,None,钓鱼网站
36463.cc,,钓鱼网站
download.rjxs4mds.com:443/#,None,钓鱼网站
w.p05321.cn:443,None,钓鱼网站
07786ii.com,None,钓鱼网站
fhvuygt.plse565bb.com,None,钓鱼网站
8i.m13743.cn,None,钓鱼网站
grl.m69879.cn,None,钓鱼网站
www.2345ie.cn,None,钓鱼网站
ds.hdfgdfg.top,None,钓鱼网站
www.yunjitundde.vip,None,钓鱼网站
271.93531.top,None,钓鱼网站
ip36.objogh.top/,None,钓鱼网站
akajjbs.pe50nyt.top,None,钓鱼网站
ysmcsh002.shop,None,钓鱼网站
862.11709.top,None,钓鱼网站
q9kwy.sphinct.cc/thetrueinside,None,钓鱼网站
7rlww.com,None,钓鱼网站
app.cswszy.cn:443,None,钓鱼网站
h5.guangchi4666.live:443/,None,钓鱼网站
wbnild.com/0YfV.app,None,钓鱼网站
abcjiasu68.com,None,钓鱼网站
abcjiasu71.com,None,钓鱼网站
youqu1688.com,None,钓鱼网站
363365188.com,None,钓鱼网站
app.vipqianqianxz527.top/s/eEYK?key=646S56306F6P4656313K636Z343M333T353L739B39&c=,None,钓鱼网站
nasdaqax.com,None,钓鱼网站
app.vipqianqianxz47.xyz/s/wBcV?key=646N563A6F6T465Q313J636L393J838K3632130532&c=,None,钓鱼网站
app.vipqianqianxz736.top/s/MYWi?key=646O563F6F6V46503137636I373A5348343P538E37&c=,None,钓鱼网站
app.vipqianqianxz720.top/lbVN?key=646Q56356F6T465H313N636L373W330B353P830D39,None,钓鱼网站
wyjgn.top/L14cV,None,钓鱼网站
3pkoasyr0.jatq.buzz/eddid.html,None,钓鱼网站
vnsr617.com,None,钓鱼网站
at.p74385.cn/,None,钓鱼网站
olfoqev9.onfcp13.cn/tufhsK?r0tsey.ae,None,钓鱼网站
df.cvmjgkf.top/,None,钓鱼网站
78m.l58791.cn/,None,钓鱼网站
dxv50sh1t6.kucaitang3.com/mxuqw,None,钓鱼网站
aqw.d38697.cn/,None,钓鱼网站
www.amaz0n0.com,None,钓鱼网站
app5446.com/#,None,钓鱼网站
5301app.com,None,钓鱼网站
07786ee.com,None,钓鱼网站
xclkja.com,None,钓鱼网站
sbj66.icu/app,None,钓鱼网站
sdojfz.com,None,钓鱼网站
elhog1.com,None,钓鱼网站
9saq0l.com,None,钓鱼网站
8499aa.com/android/index.html,None,钓鱼网站
qzyxz.com,None,钓鱼网站
ppim3.com,None,钓鱼网站
bbt97.com,,钓鱼网站
axat4.com,None,钓鱼网站
udzmlbc.hdffsffdf.top,None,钓鱼网站
sd.hjfsdgs.top/,None,钓鱼网站
www.24764.cc,None,钓鱼网站
api.5xzkp0h4.club:3810,None,钓鱼网站
atme1688.xyz/app,None,钓鱼网站
fucatrading.info,None,钓鱼网站
app.qifaimapp5555.live,None,钓鱼网站
fyzv3.top/WBx4y,None,钓鱼网站
18.162.74.254:29603,None,钓鱼网站
7473425.cc,None,钓鱼网站
154.203.174.198:35658/appone/pc.html,None,钓鱼网站
hnbyk.com:81,None,钓鱼网站
a.osvxhab.top,None,钓鱼网站
7hc8h.gokh66go.xyz/51v6u,None,钓鱼网站
875343.cc/#,None,钓鱼网站
853453.cc,None,钓鱼网站
tuzm2.cc/SOPew,None,钓鱼网站
gtm-cn-zz42zc4wu01.gtm-a1b9.com/yg4eK9My.html,None,钓鱼网站
294.95255.top,None,钓鱼网站
app2weimav2.952727app.com/app/mg_b7yu,None,钓鱼网站
yad.siujgl.com:8877,None,钓鱼网站
gr.xbatyhv.top,,钓鱼网站
ccc.1666ym.cn/,None,钓鱼网站
a.msntgy.top,None,钓鱼网站
476.78095.top/.,None,钓鱼网站
soe840.cc/,None,钓鱼网站
154.203.174.220:35658/appone/pc.html,None,钓鱼网站
akax.site,None,钓鱼网站
app.vipqianqianff49.top/lbVN,None,钓鱼网站
G.xingfudongli.cn/SootSY?woyrgm.ae,None,钓鱼网站
xbnT1.necessaryform.cc/thetrueinside,None,钓鱼网站
app.vipqianqianff75.top/s/aVZX,None,钓鱼网站
app.skurncff.cn/,None,钓鱼网站
d09si.kucaitang3.com/mxuqw,None,钓鱼网站
8pufa.kucaitang3.com/mxuqw,None,钓鱼网站
kf.59ddu.cn/,None,钓鱼网站
app.vipqianqianff9.top/s/KpFu,None,钓鱼网站
i6l0a.cyou,None,钓鱼网站
hhljk.asia,None,钓鱼网站
fuckapp.shop,None,钓鱼网站
wayfaira.shop,None,钓鱼网站
tewqo.ttrmshs.top/ukrer,None,钓鱼网站
yk0022.xyz,None,钓鱼网站
27151.cc,None,钓鱼网站
p1stock.top,,钓鱼网站
znuem.top,None,钓鱼网站
c8hde.top,None,钓鱼网站
ryoc.top,None,钓鱼网站
sharkyn.live,None,钓鱼网站
aavevxs.live,None,钓鱼网站
fxprozx.live,None,钓鱼网站
91momo5.vip,None,钓鱼网站
63466.cc,None,钓鱼网站
156.244.226.186:56688/appone/pc.html,None,钓鱼网站
dinecleanapp.com?channel_code=MIM04ASG,None,钓鱼网站
mtt89.net/#question,None,钓鱼网站
154.203.174.222:35658/appone/pc.html,None,钓鱼网站
periodspoint.com?channel_code=MIGJADH,None,钓鱼网站
ietzgiwb3p782.xyz,None,钓鱼网站
01mmd.com,None,钓鱼网站
a.ynlajx.top,None,钓鱼网站
abcjiasu69.com,None,钓鱼网站
852653.cc,None,钓鱼网站
856273.cc,None,钓鱼网站
lkyhz.top/WZ5MK,None,钓鱼网站
46477.cc,None,钓鱼网站
53638.cc,None,钓鱼网站
69111.cn,None,钓鱼网站
74878.cc,None,钓鱼网站
lkyhz.top/HVp0f,None,钓鱼网站
q6fvf.udhnbk.top/u7zct,None,钓鱼网站
fir.zdgpsc.com/{{install_url}},,钓鱼网站
7025.us,None,钓鱼网站
46287.cc,None,钓鱼网站
64367.tw,None,钓鱼网站
154.204.27.177,None,钓鱼网站
18.167.131.247,None,钓鱼网站
47.57.236.134,None,钓鱼网站
fy3.co/yOVe,None,钓鱼网站
38.6.141.235/#screemshot,None,钓鱼网站
download.heikemen.cn/{{install_url}},,钓鱼网站
fir.edujia.com/{{app.market_app_info.url}},,钓鱼网站
ha8.me/0oW3ZH,None,钓鱼网站
www.sdhgfuershfuwaerf.com,None,钓鱼网站
gyuj3708.com,None,钓鱼网站
192.53.116.84,None,钓鱼网站
159.138.28.43,None,钓鱼网站
sn.app002.co/chan/GS0049/aBs,七度空间网罗全网少女视频同城少女约炮少女裸聊七度少女安装包报毒解决方案安装失败解决方案安装包报毒解决方案安装包报毒解决方案安装引导,钓鱼网站
www.567fenfa.cn/2wxeck,哎呦遇到错误了该应用不存在或已过期返回首页,钓鱼网站
154.211.12.216,None,钓鱼网站
nopr.top?channel_code=OSDYA276,None,钓鱼网站
k.nve.org.cn/uh16,,钓鱼网站
www.shiguangkey.com/course/1742,,钓鱼网站
www.16936.xyz,None,钓鱼网站
www.72230.top,None,钓鱼网站
43.129.73.85,None,钓鱼网站
lkyhz.vip/B03t1,None,钓鱼网站
43.132.240.176,None,钓鱼网站
skup.ttrmshs.top/22nu8,None,钓鱼网站
www.444.lc,None,钓鱼网站
43.135.125.6,None,钓鱼网站
119.8.50.152,None,钓鱼网站
fhsshwl1123.com,None,钓鱼网站
chengduchanghong.com?channel_code=MIKSASJ,None,钓鱼网站
w83he.top/Fh2.app,None,钓鱼网站
laxgwg.top/y4dqm,None,钓鱼网站
qiliao519.vip,None,钓鱼网站
28888.cz,None,钓鱼网站
www.bafanglaicai1.xyz/upyar,None,钓鱼网站
500weiliao1106.com,None,钓鱼网站
107.163.23.61:1009,None,钓鱼网站
1fyq14.com,None,钓鱼网站
mcrjkj.com,None,钓鱼网站
vip.smdn.cn:2574/,None,钓鱼网站
hjb3l.vip/zmEd0,None,钓鱼网站
156.248.230.85:31588/appone/pc.html,None,钓鱼网站
bvhcgy.dfddxl.com/is9ay,None,钓鱼网站
www.qqzapp11.cc/#,,钓鱼网站
tzf1y.cjq8899a.xyz/8cw1w,None,钓鱼网站
app.abc8690.com,None,钓鱼网站
tlki5.vip/3K5E4,None,钓鱼网站
longteng28.cc,None,钓鱼网站
qqzapp11.cc,,钓鱼网站
app.aierimapp8777.live,None,钓鱼网站
40.81.30.199:8381,None,钓鱼网站
40.81.30.199:9451,None,钓鱼网站
52.184.80.3:5788,None,钓鱼网站
18.162.70.157:29601,None,钓鱼网站
40.81.30.199:8878,None,钓鱼网站
app.guolianzhengquan2888.live,None,钓鱼网站
www-38776.com:8381,None,钓鱼网站
a.lfettn.top,None,钓鱼网站
aoo.m59686.cn,None,钓鱼网站
hjb3l.cc/nTl0y,None,钓鱼网站
api.mfuvgrdm.club:8902,None,钓鱼网站
8568426.cc,None,钓鱼网站
m47796.cn,None,钓鱼网站
kwiil0.vip,停止服务公告尊敬的客户感谢您一直以来对亚博体育的支持因平台战略升级原因亚博体育于月日起停止运营如需提款或其他问题咨询请联系小时在线客服联系客服,钓鱼网站
382.20122.top/.,None,钓鱼网站
ipd.oufpp.top,None,钓鱼网站
336.36629.top,None,钓鱼网站
yjrdvl.com/2RYl.app,None,钓鱼网站
398772.cc,None,钓鱼网站
7859app1.com,,钓鱼网站
a.qjgroaz.top,None,钓鱼网站
api.nlochdzr.life:15444,None,钓鱼网站
h5.wangxinjingban3555.live,None,钓鱼网站
16.162.207.182:36213,None,钓鱼网站
aavesbx.live,None,钓鱼网站
ios.googu.top,None,钓鱼网站
raydmer.live,None,钓鱼网站
ysmcsh002.live,None,钓鱼网站
202.79.173.123:8923,None,钓鱼网站
a.objogh.top,None,钓鱼网站
fvb.ruxkdjg.cyou,None,钓鱼网站
bicza.live,None,钓鱼网站
sdef123.com,None,钓鱼网站
vwy.l84256.cn:443,None,钓鱼网站
zlmyd.vbkj.top/,None,钓鱼网站
njzy.xyz,None,钓鱼网站
app.qifaimapp3888.live,None,钓鱼网站
www.dyapp68.com,None,钓鱼网站
dlelkuj.com,None,钓鱼网站
nv8.me/WEKZto,None,钓鱼网站
eaicbp.com/KBxV.app,None,钓鱼网站
q1cqm5.com,None,钓鱼网站
hkk175.com,None,钓鱼网站
akk688.com,None,钓鱼网站
apdapd.com,None,钓鱼网站
mzgab1.cc/e7iEj,None,钓鱼网站
398395.com,None,钓鱼网站
ws913.com,None,钓鱼网站
qzykf.com,None,钓鱼网站
pcd13.com,None,钓鱼网站
msh13.com,None,钓鱼网站
k1308.com,None,钓鱼网站
bt41q.com,None,钓鱼网站
52x13.com,None,钓鱼网站
gbnsdh.com/zvuV.app,None,钓鱼网站
npzrx.com/241,您请求的文件不存在,钓鱼网站
z8t6e5.meetbai.com/xjzj.php,None,钓鱼网站
53142.link,None,钓鱼网站
wang.games,None,钓鱼网站
7hc8h.edc66qwe.xyz/r51cm,None,钓鱼网站
bitvteh.live,None,钓鱼网站
ruibcer.live,None,钓鱼网站
vdhvsd.cyou,None,钓鱼网站
yzh1999.vip,None,钓鱼网站
cps6if.vip,None,钓鱼网站
faithinforex.com,None,钓鱼网站
shwssn28938oj.xyz,None,钓鱼网站
jitypor.cyou,None,钓鱼网站
yhezxuv.live,None,钓鱼网站
app.zhaoshangxieban4555.live,None,钓鱼网站
240.68197.top,None,钓鱼网站
761003.cc,None,钓鱼网站
mm3sssn1.xyz,None,钓鱼网站
ssdyef.cc,None,钓鱼网站
sw236.com,None,钓鱼网站
546456.cc,None,钓鱼网站
532456.cc,None,钓鱼网站
163899.cc,None,钓鱼网站
ee83.uoxarz.top,None,钓鱼网站
a.zbjknpx.top,,钓鱼网站
xn--m6tw70byu7a.fun,None,钓鱼网站
tbsvu.com/9yp3.app,超级签名,钓鱼网站
iks9g.cyou,None,钓鱼网站
wangleiqin.club,None,钓鱼网站
kjfsskdf5.xyz/a6QFssFX.html,None,钓鱼网站
kjfsskdf3.xyz/a6QFssFX.html,None,钓鱼网站
hevp6.tech,None,钓鱼网站
hevo1.tech,None,钓鱼网站
pydyci.xyz,None,钓鱼网站
utsmeme.xyz,None,钓鱼网站
79802.xyz,None,钓鱼网站
t171.xyz,None,钓鱼网站
tvmvip.xyz,None,钓鱼网站
gr088.xyz,None,钓鱼网站
coinbe.xyz,None,钓鱼网站
yunjituan01.top,None,钓鱼网站
rhbvbl.top,None,钓鱼网站
www.bafanglaicai7.xyz/j3dp4,None,钓鱼网站
app-eth.live,None,钓鱼网站
ggvsha.live,None,钓鱼网站
xsjxzy.vip,None,钓鱼网站
kcre0n.vip,停止服务公告尊敬的客户感谢您一直以来对亚博体育的支持因平台战略升级原因亚博体育于月日起停止运营如需提款或其他问题咨询请联系小时在线客服联系客服,钓鱼网站
gd771.com,None,钓鱼网站
qxkj.io,None,钓鱼网站
xd.jfsgfdgf.top,,钓鱼网站
yddxz27.cc,,钓鱼网站
www.xb887.me/app/index.html,None,钓鱼网站
app2weimav2.8889995.vip/app/mg_mg3J,服务器内部错误服务器内部错误回到主页该不存在,钓鱼网站
ssad.ghdfgdff.top/#,,钓鱼网站
a.xbatyhv.top,,钓鱼网站
app.guolianzhengquan3555.live,None,钓鱼网站
newsgnatlot.cnccgt.com:8383,None,钓鱼网站
ugfpj.cuzhujiao35.com/tfx7k,None,钓鱼网站
a.qzrygd.top/,None,钓鱼网站
oecjh.org/980h.app,None,钓鱼网站
ggevj.org/GNn7.app,None,钓鱼网站
nbjhvddf.top/x4KjRnf5.html,None,钓鱼网站
7qwdg.top/6Csm1,None,钓鱼网站
kpnhp.org/HTPO.app,None,钓鱼网站
down.jj36.xyz/wxts,None,钓鱼网站
app.vipqianqianxz787.top/s,None,钓鱼网站
pejmw.org/980h.app?jump_from=1_05_37_01,None,钓鱼网站
nuwer.top/J6xoGaML.html,None,钓鱼网站
fjzm3.top/XFliv,,钓鱼网站
hivfz.com/o9o9.app,None,钓鱼网站
jyyhu.org/QRNS.app,None,钓鱼网站
wyjet.vip/kGZh5,None,钓鱼网站
iec.qobnxa.xyz/okPg,None,钓鱼网站
g950d.com/0TA0.app,None,钓鱼网站
rkxiw.org/4vh8.app,None,钓鱼网站
lajw.top/qQveZsAS.html,None,钓鱼网站
kjiuwe.top/pgv624s1.html,None,钓鱼网站
bvhfds.top/vb83nUvZ.html,None,钓鱼网站
WYJER.VIP/KGZH5,None,钓鱼网站
thelz.cc/WQgPD,None,钓鱼网站
dfcjmm.com/appjin/?continueFlag=6ef6677b11982c9c304d835586048fba,None,钓鱼网站
hbgz1.top/iC0Q2,,钓鱼网站
noqdb.org/zX51.app,None,钓鱼网站
azfdq.org/9r08.app,None,钓鱼网站
pa.anzq0.club/down,,钓鱼网站
dl.3s5uq6pdi3.com/QnPloFn9,None,钓鱼网站
ynwbz.vip/ofRNS,,钓鱼网站
zyend.cc/BUzf.app,None,钓鱼网站
www.cgsmeta.com/down/index.html,None,钓鱼网站
djby5.nissansp.com/xd609,None,钓鱼网站
x2c17.com/5eMv.app,None,钓鱼网站
a.438w9n.com/,None,钓鱼网站
y95.f10780.cn/,None,钓鱼网站
kpkqv.org/xgBb.app,None,钓鱼网站
app.efue8.xyz/4pk2m,None,钓鱼网站
rzkoe.org/ET99.app,None,钓鱼网站
hebz5.top/yPE4Q,None,钓鱼网站
nnb.llqpu.xyz/hu9mb,None,钓鱼网站
dhkgl.org/yczp.app,None,钓鱼网站
prrmg.top/d,None,钓鱼网站
hxhss.org/IPLD.app,None,钓鱼网站
knweor.top/HS76MJUQ.html,None,钓鱼网站
lkkjgfd.top/QYX6TE4t.html,None,钓鱼网站
an89.zprvngx.com/u0utz,None,钓鱼网站
app.vipqianqianff115.top/s/sj5db2,None,钓鱼网站
www.down.jj36.xyz/wxts,None,钓鱼网站
rizbd.cc/kGZh5,None,钓鱼网站
2ce17.com/wa4Y.app,None,钓鱼网站
jtqvrq.ghdfgdg.top/,,钓鱼网站
app.93zp2.xyz/7pqnu,None,钓鱼网站
nnb.j4wlx.xyz/kz6up,None,钓鱼网站
rezz2.vip/c9Y0V,None,钓鱼网站
ncaz.fbuax.xyz/AjMG,None,钓鱼网站
app.vipqianqianxz19.xyz/s/iUrH?key=646H563X6F69465A3132636A393Z032B3539831F31&c=,None,钓鱼网站
wyjep.vip/p5no8,None,钓鱼网站
gse3.yongshi6013.com/.46Gv.app,None,钓鱼网站
hbwad.com/wa4Y.app,None,钓鱼网站
gmqb.buzz/maray.html,域名无效或已到期,钓鱼网站
lianzg.plse565bb.com/94r2p,None,钓鱼网站
rhejn.org/9yP3.app,None,钓鱼网站
wyjew.vip/kGZh5,,钓鱼网站
evo313.xiaoccyay.com/kuuyx,None,钓鱼网站
cf.f844p9.cn/,None,钓鱼网站
ljcmt.org/zm15.app,None,钓鱼网站
wwr.ffvvdwxh.xyz/p7m70,None,钓鱼网站
wyjet.cc/RYsK8,None,钓鱼网站
hbwad.org/naf0.app,None,钓鱼网站
qbgtw.96xf.cn/t/xS9hj,加载成功线路检测可用跳转线路,钓鱼网站
qodkng.top/uKm32H6N.html,None,钓鱼网站
hkbcyu.com/AYRV6MmB,None,钓鱼网站
hgvsx.org/T472.app,None,钓鱼网站
stjfj.org/J1ZA.app,None,钓鱼网站
tyzb2.cc/vZDpT,None,钓鱼网站
yk7a.me/app/mg_mwDW?version=5,奇迹娱乐下载奇迹娱乐扫描二维码下载支持直接访问使用手机浏览器打开网址奇迹娱乐扫码下载当前版本号文件大小点击下载当前版本号文件大小版权所有奇迹娱乐,钓鱼网站
yk1c.me/app/mg_NSPp,龙虎下载龙虎扫描二维码下载支持直接访问使用手机浏览器打开网址龙虎扫码下载当前版本号文件大小点击下载当前版本号文件大小版权所有龙虎,钓鱼网站
156.233.165.177:25879,None,钓鱼网站
otwaxo.com/rH31.app,None,钓鱼网站
ozmn6.com/2ykgF,None,钓鱼网站
a8m.aicarclub.com/cgpdownload.aspx?type=flutterIOS2,None,钓鱼网站
rlvtt.org/0dpw.app,None,钓鱼网站
156.244.226.181:56688/appone/pc.html,None,钓鱼网站
156.229.215.106:35768/appone/pc.html,None,钓鱼网站
1zvu7.com,None,钓鱼网站
gyg014.com,None,钓鱼网站
a123e.csagub.top:443,None,钓鱼网站
hc86.xyz,None,钓鱼网站
967827.cc,,钓鱼网站
qudcbox.xyz,None,钓鱼网站
10353892.com,None,钓鱼网站
snjiasu.com,None,钓鱼网站
sk562.com,None,钓鱼网站
www.xinaomenapp.cc/,None,钓鱼网站
q6fvf.ttrmshs.top/u7zct,None,钓鱼网站
yq7.me/app/mg_2cbB,None,钓鱼网站
192.243.120.132,,钓鱼网站
6803.us,None,钓鱼网站
34634.cc,None,钓鱼网站
ruibclk.live,None,钓鱼网站
n5j1a.com,None,钓鱼网站
206.233.130.21,,钓鱼网站
3fyq11.com,None,钓鱼网站
43.198.3.210,,钓鱼网站
119.42.148.213,None,钓鱼网站
rdtd6527.com,None,钓鱼网站
chengduchanghong.com?channel_code=MIKSAPA,None,钓鱼网站
139.162.49.212,,钓鱼网站
wpdtp.org/bnG8.app,None,钓鱼网站
ahduia66.com/YcfK.app,None,钓鱼网站
0597nkw.com?channel_code=MIM05XFY,None,钓鱼网站
8564646.cc,None,钓鱼网站
www.567fenfa.cn/zf5hec,哎呦遇到错误了该应用不存在或已过期返回首页,钓鱼网站
app.guolianzhengquan3888.live,None,钓鱼网站
ailiaozaplapla821.com,None,钓鱼网站
rvewgirupkox1116.com,None,钓鱼网站
398766.cc,None,钓鱼网站
www.72223.top,None,钓鱼网站
rezz2.top/Gn3cr,None,钓鱼网站
lkyhz.top/mYLt,None,钓鱼网站
43564.link,None,钓鱼网站
periodspoint.com,None,钓鱼网站
a.ynlajx.top/,,钓鱼网站
shiguangkey.com,时光钥匙全部课程实用外语农业生产学历考证设计创作兴趣艺术互联网英语基础英语英语口语日语日语零基础日语初级日语中级日语高级韩语韩语零基础韩语初级韩语中级韩语高级法语法语初级法语中级法语高级法语发音班法语零基础泰语泰语初级泰语中级泰语高级西班牙语西班牙语初级西班牙语中级西班牙语高级德语零基础对外汉语基础汉语高级汉语精品小课免费公开课机构入驻下载客户端登录注册您当前的账号安全等级过低请尽快修改密码下次再说立即修改欢迎来到时光钥匙登录注册关于近期发现有恶意冒充我司的声明限时抢购抢购中距结束明天明天明天小红书运营干货集仅剩门一堂可以搜索到一切的搜商课仅剩门音频给孩子的堂成长故事课让孩子情商高会自爱有教养人缘好仅剩门微表情识人术看穿人心搞定一切难搞的人和事仅剩门容易学会的趣味课仅剩门设置学习兴趣已选下次再说选好了备案号湘备号版权所有下载下载伴学随时随地学习反馈意见您好我是时光钥匙的产品经理欢迎您向我们反馈问题并提出宝贵建议提交,钓鱼网站
8hveg3.bond,None,钓鱼网站
202.79.173.124:8913,None,钓鱼网站
ssd.dshuiff.cc,None,钓鱼网站
ddpltj.gdhdfdfff.top,None,钓鱼网站
xzyhzs.com,None,钓鱼网站
www.www491333.com:8879,None,钓鱼网站
www.amaz0n0.com/#,None,钓鱼网站
444.lc,None,钓鱼网站
fkcpapp13.cc,,钓鱼网站
156.229.215.124:35768/appone/pc.html,None,钓鱼网站
474.96049.top/.,None,钓鱼网站
hyz998.com/,None,钓鱼网站
115.94709.top,None,钓鱼网站
api.k1wrb6qu.club:8877,None,钓鱼网站
akajjbs.pe50nyt.top/,None,钓鱼网站
cngiex.live,None,钓鱼网站
a.uesiea.top,None,钓鱼网站
ip36.objogh.top,None,钓鱼网站
ds.jfgdfgfg.top/#,None,钓鱼网站
069.31554.top/.,,钓鱼网站
mbdp.12773.xyz,None,钓鱼网站
dspx.09748.top,None,钓鱼网站
ww5316.cn,None,钓鱼网站
utvbdx.hdfgsdsdf.top,None,钓鱼网站
kzwvgd.jfghfdfg.top,None,钓鱼网站
foo.uvhqc.top,None,钓鱼网站
www.qq8615.cn,None,钓鱼网站
api.9lkhl3ny.life:8877,None,钓鱼网站
abcjiasu66.com,None,钓鱼网站
dnhgm.com/yILQ.html,None,钓鱼网站
pqzbbx.org/5ESA.app,私信私信安装下载完成后苹果手机用户需要进行以下设置即可使用在苹果手机的设置里找到通用打开在通用里找到设备管理打开在设备管理里找到对应的点击信任后即可使用评分年龄岁排行榜应用大小私信官方推荐更多评分及评论满分分评分喜欢的不得了周四我见同事都在玩这个我也来试试没想到这个还挺好玩的挺有意思的画面不错强烈推荐推荐推荐非超好玩周三运行流畅简单易上手真心不错新功能版本天前修复部分更多信息大小类别其它语言简体中文和英文年龄分级限岁以上私信价格免费隐私政策免责声明本网站仅为开发者提供的下载和安装托管内的内容和运营相关事项由开发者负责与本网站无关安装安装安装引导第一步允许打开配置描述文件复制提示如提示有效负载不匹配或描述文件已安装请返回下载页刷新页面确定请使用手机扫描二维码下载私信,钓鱼网站
shunpeiwang.yiguoyoueryuan.com/,None,钓鱼网站
gh8899app.com,None,钓鱼网站
xsrp.cn,None,钓鱼网站
obxzapp.com,None,钓鱼网站
lh87569.com,None,钓鱼网站
fqvip66.com,None,钓鱼网站
8122az2.com,None,钓鱼网站
www.ewfdbd.com,None,钓鱼网站
wjyrm.com,None,钓鱼网站
wr379.com,None,钓鱼网站
pipix.com,皮皮虾官网皮皮虾下载皮皮虾官网搞笑视频神评论社区首页创作中心登录投稿用户协议隐私政策免责声明投诉指引帐号与安全联系我们出版物许可证营业执照药品信息网络文化许可证闽网文号闽备号违法和不良信息举报电话举报邮箱闽公网安备号福建皮皮跳动科技有限公司欢迎来到皮皮虾发送验证码我已阅读并同意用户协议和隐私政策登录帐密登录微信登录,钓鱼网站
joxzb.com,None,钓鱼网站
hgxzy.com,None,钓鱼网站
fq367.com,None,钓鱼网站
156.233.165.182:25879/appone/pc.html,None,钓鱼网站
156.229.215.109:35768/appone/pc.html,None,钓鱼网站
156.248.224.83:31588/appone/pc.html,None,钓鱼网站
156.248.224.73:31588/appone/pc.html,None,钓鱼网站
xhpwdw.top,None,钓鱼网站
p83872.cn,None,钓鱼网站
fyzv3.top/3K5E4,None,钓鱼网站
wuj.uvhqc.top,None,钓鱼网站
xjwxnkckgf.zhqxqs.top,None,钓鱼网站
16fip.com,None,钓鱼网站
drmx.71340.xyz,None,钓鱼网站
www.roxannehc.vip,None,钓鱼网站
